{
    "mainMenu": {
        "owner": {
            "hit": "",
            "error": ""
        },
        "register": {
            "hit": "",
            "error": ""
        },
        "profil": {
            "hit": "",
            "error": ""
        },
        "limit": {
            "hit": "",
            "error": ""
        }
    },
    "ownerMenu": {
        "self": {
            "hit": "",
            "error": ""
        },
        "public": {
            "hit": "",
            "error": ""
        },
        "block": {
            "hit": "",
            "error": ""
        },
        "unblock": {
            "hit": "",
            "error": ""
        },
        "addprem": {
            "hit": "",
            "error": ""
        },
        "delprem": {
            "hit": "",
            "error": ""
        },
        "listprem": {
            "hit": "",
            "error": ""
        }
    },
    "groupMenu": {
        "welcome": {
            "hit": "",
            "error": ""
        },
        "setwelcome": {
            "hit": "",
            "error": ""
        },
        "kick": {
            "hit": "",
            "error": ""
        },
        "add": {
            "hit": "",
            "error": ""
        },
        "hidetag": {
            "hit": "",
            "error": ""
        },
        "group": {
            "hit": "",
            "error": ""
        },
        "editsubject": {
            "hit": "",
            "error": ""
        },
        "editdesk": {
            "hit": "",
            "error": ""
        },
        "setppgc": {
            "hit": "",
            "error": ""
        }
    },
    "downloadMenu": {
        "tiktok": {
            "hit": "",
            "error": ""
        },
        "youtube": {
            "hit": "",
            "error": ""
        },
        "instagram": {
            "hit": "",
            "error": ""
        },
        "pinterest": {
            "hit": "",
            "error": ""
        },
        "ytsearch": {
            "hit": "",
            "error": ""
        },
        "play": {
            "hit": "",
            "error": ""
        },
        "toimage": {
            "hit": "",
            "error": ""
        },
        "tomp4": {
            "hit": "",
            "error": ""
        },
        "tomp3": {
            "hit": "",
            "error": ""
        },
        "tourl": {
            "hit": "",
            "error": ""
        },
        "tovn": {
            "hit": "",
            "error": ""
        }
    },
    "funMenu": {
        "afk": {
            "hit": "",
            "error": ""
        },
        "sticker": {
            "hit": "",
            "error": ""
        },
        "smeme": {
            "hit": "",
            "error": ""
        },
        "darkjokes": {
            "hit": "",
            "error": ""
        },
        "quotes": {
            "hit": "",
            "error": ""
        },
        "jalantikus": {
            "hit": "",
            "error": ""
        }
    },
    "gameMenu": {
        "ttc": {
            "hit": "",
            "error": ""
        },
        "delttc": {
            "hit": "",
            "error": ""
        },
        "suitpvp": {
            "hit": "",
            "error": ""
        }
    }
}

